{"master_volume": 0.19655172413793104, "music_volume": 1.0, "ui_volume": 0.5896551724137931, "sfx_volume": 1.0}