{"master_volume": 1.0, "music_volume": 0.25925925925925924, "ui_volume": 0.34814814814814815, "sfx_volume": 0.5851851851851851}